~10,16
~10,16
~10,47
~10,43
~10,17
~10,16
~10,57
~10,73
~10,51
~10,82
~10,24
~10,49
~10,22
~10,19
~10,40
~10,48
~10,30
~10,28
~10,29
~10,24
~10,54
~10,70
~10,36
~10,64
~10,42
~10,51
~10,32
~10,42
~10,86
~10,79
~10,36
~10,59
~10,41
~10,52
~10,67
~10,113
~10,80
~10,94
~10,45
~10,66
~10,21
~10,58
~10,24
~10,41
~10,21
~10,35
~10,31
~10,44
~10,56
~10,96
~10,53
~10,86
~10,34
~10,50
~10,29
~10,50
~10,24
~10,49
~10,36
~10,44
~10,55
~10,70
~10,82
~10,105
~10,58
~10,109
~10,16
~10,13
~10,6
~10,3
~10,7
~10,8
~10,34
~10,46
~10,57
~10,75
~10,9
~10,13
~10,43
~10,45
~10,33
~10,41
~10,26
~10,39
~10,30
~10,44
~10,83
~10,118
~10,49
~10,74
~10,67
~10,119
~10,27
~10,47
~10,19
~10,27
~10,15
~10,16
~10,41
~10,69
~10,36
~10,56
~10,59
~10,79
~10,58
~10,77
~10,40
~10,48
~10,30
~10,46
~10,21
~10,42
~10,19
~10,18
~10,6
~10,6
~10,13
~10,18
~10,43
~10,47
~10,27
~10,26
~10,16
~10,23
~10,19
~10,26
~10,19
~10,13
~10,10
~10,29
~10,24
~10,26
~10,21
~10,8
~10,25
~10,27
~10,24
~10,34
~10,12
~10,19
~10,11
~10,13
~10,19
~10,23
~10,12
~10,15
~10,25
~10,19
~10,9
~10,6
~10,6
~10,8
~10,33
~10,38
~10,19
~10,33
~10,28
~10,34
~10,44
~10,48
~10,32
~10,50
~10,34
~10,35
~10,15
~10,25
~10,11
~10,10
~10,14
~10,13
~10,15
~10,14
~10,24
~10,24
~10,24
~10,28
~10,17
~10,13
~10,9
~10,11
~10,4
~10,3
~10,9
~10,6
~10,4
~10,8
~10,27
~10,24
~10,32
~10,55
~10,15
~10,30
~10,8
~10,10
~10,23
~10,42
~10,14
~10,19
~10,8
~10,13
~10,28
~10,38
~10,18
~10,26
~10,6
~10,11
~10,11
~10,7
~10,5
~10,9
~10,8
~10,14
~10,8
~10,12
~10,16
~10,20
~10,24
~10,54
~10,9
~10,4
~10,7
~10,11
~10,6
~10,8
~10,10
~10,10
~10,11
~10,27
~10,15
~10,8
~10,9
~10,11
~10,2
~10,5
~10,5
~10,8
~10,5
~10,7
~10,6
~10,9
~10,7
~10,11
~10,10
~10,10
~10,2
~10,10
~10,8
~10,8
~10,18
~10,11
~10,3
~10,8
~10,8
~10,5
~10,2
~10,9
~10,4
~10,5
~10,7
~10,1
~10,4
~10,3
~10,4
~10,2
~10,3
~10,1
~10,4
~10,3
~10,5
~10,4
~10,4
~10,1
~10,1
~10,3
~10,2
~10,2
~10,1
~10,1
~10,4
~10,3
~10,2
~10,1
~10,1
~10,1
~10,1
~10,1
~10,2
~10,1
~10,3
~10,3
~10,9
~10,4
~10,5
~10,1
~10,7
~10,5
~10,4
~10,6
~10,6
~10,11
~10,3
~10,4
~10,6
~10,4
~10,6
~10,6
~10,2
~10,1
~10,3
~10,6
~10,3
~10,6
~10,3
~10,6
~10,4
~10,7
~10,5
~10,3
~10,11
~10,5
~10,3
~10,3
~10,2
~10,6
~10,6
~10,9
~10,7
~10,8
~10,6
~10,10
~10,8
~10,3
~10,13
~10,9
~10,6
~10,6
~10,10
~10,11
~10,8
~10,12
~10,11
~10,8
~10,7
~10,13
~10,8
~10,7
~10,3
~10,5
~10,6
~10,3
~10,4
~10,6
~10,3
~10,2
~10,2
~10,11
~10,5
~10,7
~10,5
~10,7
~10,5
~10,3
~10,5
~10,6
~10,7
~10,2
~10,3
~10,4
~10,1
~10,9
~10,7
~10,6
~10,7
~10,5
~10,4
~10,8
~10,8
~10,11
~10,8
~10,6
~10,5
~10,11
~10,11
~10,17
~10,15
~10,17
~10,15
~10,10
~10,13
~10,8
~10,11
~10,15
~10,6
~10,21
~10,11
~10,8
~10,15
~10,28
~10,18
~10,6
~10,4
~10,4
~10,4
~10,7
~10,4
~10,13
~10,11
~10,6
~10,12
~10,2
~10,8
~10,11
~10,11
~10,15
~10,4
~10,10
~10,10
~10,7
~10,13
~10,10
~10,7
~10,8
~10,19
~10,7
~10,17
~10,21
~10,22
~10,27
~10,23
~10,19
~10,15
~10,26
~10,8
~10,16
~10,21
~10,20
~10,33
~10,26
~10,31
~10,31
~10,25
~10,45
~10,17
~10,17
~10,22
~10,17
~10,26
~10,25
~10,24
~10,10
~10,16
~10,16
~10,20
~10,33
~10,46
~10,55
~10,52
~10,43
~10,49
~10,23
~10,34
~10,24
~10,27
~10,35
~10,37
~10,34
~10,30
~10,47
~10,61
~10,46
~10,73
~10,35
~10,44
~10,28
~10,33
~10,23
~10,22
~10,22
~10,33
~10,22
~10,34
~10,41
~10,75
~10,48
~10,54
~10,23
~10,34
~10,25
~10,16
~10,21
~10,23
~10,27
~10,41
~10,92
~10,135
~10,91
~10,156
~10,96
~10,121
~10,52
~10,65
~10,82
~10,105
~10,87
~10,128
~10,68
~10,102
~10,63
~10,101
~10,35
~10,42
~10,92
~10,93
~10,57
~10,64
~10,33
~10,57
~10,28
~10,38
~10,38
~10,44
~10,38
~10,63
~10,68
~10,72
~10,61
~10,82
~10,51
~10,55
~10,36
~10,45
~10,48
~10,50
~10,22
~10,21
~10,50
~10,53
~10,68
~10,100
~10,57
~10,100
~10,37
~10,71
~10,36
~10,54
~10,28
~10,39
~10,30
~10,51
~10,37
~10,51
~10,53
~10,61
~10,59
~10,89
~10,37
~10,54
~10,18
~10,18
~10,23
~10,43
~10,36
~10,56
~10,72
~10,93
~10,66
~10,91
~10,64
~10,71
~10,52
~10,69
~10,39
~10,63
~10,49
~10,61
~10,17
~10,20
~10,61
~10,72
~10,55
~10,74
~10,27
~10,42
~10,4
~10,20
~10,17
~10,11
~10,34
~10,47
~10,20
~10,21
~10,5
~10,9
~10,31
~10,44
~10,21
~10,26
~10,21
~10,24
~10,18
~10,23
~10,10
~10,12
~10,15
~10,22
~10,46
~10,66
~10,41
~10,26
~10,24
~10,24
~10,9
~10,17
~10,25
~10,39
~10,38
~10,36
~10,31
~10,30
~10,32
~10,25
~10,37
~10,29
~10,23
~10,36
~10,29
~10,39
~10,26
~10,24
~10,38
~10,41
~10,24
~10,29
~10,33
~10,44
~10,42
~10,27
~10,22
~10,16
~10,20
~10,26
~10,42
~10,37
~10,21
~10,34
~10,17
~10,20
~10,24
~10,18
~10,19
~10,24
~10,21
~10,27
~10,15
~10,27
~10,25
~10,23
~10,20
~10,17
~10,18
~10,29
~10,23
~10,28
~10,6
~10,9
~10,23
~10,26
~10,22
~10,21
~10,14
~10,39
~10,25
~10,34
~10,8
~10,3
~10,16
~10,10
~10,21
~10,27
~10,12
~10,13
~10,1
~10,8
~10,4
~10,21
~10,33
~10,1
~10,14
~10,17
~10,8
~10,15
~10,36
~10,31
~10,2
~10,30
~10,34
~10,21
~10,39
~10,1
~10,3
~10,29
~10,33
~10,2
~10,30
~10,28
~10,21
~10,22
~10,1
~10,6
~10,28
~10,37
~10,1
~10,20
~10,40
~10,1
~10,31
~10,40
~10,39
~10,45
~10,31
~10,45
~10,3
~10,27
~10,34
~10,1
~10,1
~10,39
~10,34
~10,1
~10,2
~10,50
~10,42
~10,2
~10,53
~10,55
~10,1
~10,33
~10,31
~10,2
~10,33
~10,35
~10,23
~10,29
~10,31
~10,31
~10,3
~10,23
~10,21
~10,2
~10,46
~10,67
~10,1
~10,50
~10,54
~10,22
~10,24
~10,1
~10,16
~10,26
~10,2
~10,10
~10,7
~10,2
~10,25
~10,13
~10,2
~10,38
~10,52
~10,47
~10,72
~10,1
~10,2
~10,83
~10,71
~10,2
~10,25
~10,23
~10,1
~10,30
~10,31
~10,11
~10,37
~10,3
~10,21
~10,20
~10,2
~10,21
~10,29
~10,1
~10,41
~10,77
~10,1
~10,1
~10,36
~10,68
~10,1
~10,2
~10,30
~10,52
~10,1
~10,21
~10,27
~10,22
~10,28
~10,5
~10,4
~10,16
~10,16
~10,1
~10,27
~10,31
~10,1
~10,2
~10,31
~10,49
~10,1
~10,54
~10,53
~10,2
~10,32
~10,29
~10,2
~10,20
~10,19
~10,11
~10,18
~10,20
~10,1
~10,1
~10,10
~10,24
~10,2
~10,19
~10,25
~10,3
~10,53
~10,54
~10,1
~10,27
~10,30
~10,27
~10,17
~10,1
~10,24
~10,31
~10,1
~10,13
~10,17
~10,23
~10,35
~10,2
~10,1
~10,17
~10,20
~10,2
~10,1
~10,34
~10,41
~10,29
~10,48
~10,55
~10,110
~10,2
~10,44
~10,105
~10,2
~10,72
~10,140
~10,42
~10,71
~10,30
~10,65
~10,2
~10,32
~10,65
~10,1
~10,36
~10,83
~10,2
~10,1
~10,19
~10,47
~10,20
~10,25
~10,1
~10,2
~10,16
~10,26
~10,12
~10,20
~10,1
~10,15
~10,21
~10,1
~10,27
~10,36
~10,25
~10,48
~10,1
~10,26
~10,22
~10,1
~10,11
~10,10
~10,4
~10,7
~10,14
~10,3
~10,4
~10,1
~10,1
~10,8
~10,8
~10,1
~10,31
~10,33
~10,2
~10,34
~10,43
~10,8
~10,7
~10,1
~10,15
~10,10
~10,7
~10,20
~10,2
~10,1
~10,20
~10,16
~10,19
~10,23
~10,1
~10,33
~10,42
~10,25
~10,48
~10,24
~10,33
~10,2
~10,11
~10,10
~10,4
~10,1
~10,8
~10,19
~10,13
~10,19
~10,34
~10,42
~10,18
~10,24
~10,5
~10,3
~10,1
~10,14
~10,13
~10,8
~10,8
~10,3
~10,11
~10,1
~10,1
~10,7
~10,8
~10,16
~10,21
~10,19
~10,15
~10,1
~10,1
~10,7
~10,12
~10,1
~10,4
~10,8
~10,9
~10,11
~10,1
~10,4
~10,2
~10,8
~10,11
~10,1
~10,1
~10,24
~10,37
~10,2
~10,36
~10,36
~10,12
~10,18
~10,5
~10,7
~10,1
~10,6
~10,7
~10,1
~10,7
~10,6
~10,1
~10,22
~10,28
~10,20
~10,33
~10,1
~10,5
~10,10
~10,1
~10,4
~10,3
~10,4
~10,1
~10,2
~10,5
~10,5
~10,9
~10,18
~10,19
~10,37
~10,7
~10,15
~10,9
~10,8
~10,1
~10,10
~10,16
~10,11
~10,16
~10,12
~10,16
~10,1
~10,13
~10,24
~10,1
~10,13
~10,16
~10,9
~10,4
~10,5
~10,2
~10,4
~10,2
~10,1
~10,10
~10,9
~10,3
~10,8
~10,1
~10,3
~10,8
~10,8
~10,5
~10,8
~10,7
~10,1
~10,7
~10,9
~10,1
~10,1
~10,6
~10,8
~10,1
~10,6
~10,10
~10,12
~10,5
~10,1
~10,9
~10,1
~10,4
~10,6
~10,2
~10,7
~10,4
~10,3
~10,2
~10,3
~10,1
~10,3
~10,1
~10,2
~10,11
~10,3
~10,1
~10,2
~10,4
~10,3
~10,3
~10,1
~10,1
~10,2
~10,1
~10,5
~10,2
~10,3
~10,4
~10,5
~10,8
~10,4
~10,3
~10,3
~10,4
~10,2
~10,1
~10,1
~10,1
~10,1
~10,2
~10,1
~10,1
~10,3
~10,1
~10,3
~10,3
~10,3
~10,4
~10,1
~10,1
~10,1
~10,3
~10,1
~10,2
~10,2
~10,3
~10,2
~10,4
~10,1
~10,1
~10,5
~10,2
~10,2
~10,7
~10,5
~10,6
~10,8
~10,2
~10,7
~10,15
~10,13
~10,14
~10,4
~10,8
~10,9
~10,2
~10,3
~10,3
~10,3
~10,4
~10,3
~10,3
70~,2194
70~,2123
70~,2133
70~,2161
70~,2937
70~,3446
70~,2539
70~,2372
70~,1856
70~,1347
70~,895
70~,5706
70~,5428
70~,3099
70~,2250
70~,2596
70~,2254
70~,2
70~,528
70~,689
70~,2094
70~,2556
70~,1238
70~,2000
70~,635
70~,2684
70~,4408
70~,4526
70~,3335
70~,2828
70~,2
70~,1131
70~,2
70~,3
70~,253
70~,2
70~,1
70~,797
70~,8
70~,6
70~,7
70~,8
70~,3
70~,4
70~,114
70~,2
70~,7
70~,8
70~,3
70~,1
70~,1
70~,4
70~,5
70~,3
70~,8
70~,6
70~,3
70~,1
70~,1
70~,2
70~,5
70~,6
70~,14
70~,17
70~,4
70~,3
70~,3
70~,2
70~,2
70~,3
70~,4
70~,4
70~,1
70~,2
70~,23
70~,18
70~,4
70~,3
70~,4
70~,2
70~,2
70~,2
70~,2
70~,1
70~,1
70~,8
70~,2
70~,3
70~,2
70~,3
70~,3
70~,3
70~,4
70~,3
70~,3
70~,6
70~,5
70~,6
70~,3
70~,6
70~,6
70~,1
70~,3
70~,3
70~,2
70~,2
70~,2
70~,6
70~,5
70~,1
70~,1
70~,2
70~,7
70~,2
70~,2
70~,4
70~,4
70~,3
70~,7
70~,4
70~,4
70~,4
70~,8
70~,10
70~,2
70~,3
70~,3
70~,2
70~,1
70~,2
70~,1
70~,5
70~,3
70~,1
70~,6
70~,2
70~,4
70~,4
70~,4
70~,8
70~,3
70~,5
70~,1
70~,4
70~,1
70~,1
70~,2
70~,5
70~,3
70~,2
70~,1
70~,3
70~,5
70~,4
70~,2
70~,3
70~,2
70~,2
70~,1
70~,1
70~,2
70~,2
70~,2
70~,3
70~,3
70~,4
70~,2
70~,3
70~,3
70~,3
70~,2
70~,1
70~,1
70~,3
70~,1
70~,3
70~,1
70~,3
70~,3
70~,3
70~,3
70~,4
70~,3
70~,3
70~,4
70~,3
70~,2
70~,1
70~,2
70~,3
70~,3
70~,3
70~,2
70~,1
70~,2
70~,4
70~,1
70~,1
70~,2
70~,2
70~,6
70~,1
70~,1
70~,1
70~,3
70~,3
70~,2
70~,3
70~,2
70~,1
70~,1
70~,1
70~,3
70~,3
70~,4
70~,2
70~,1
70~,1
70~,1
70~,4
70~,2
70~,2
70~,1
70~,1
70~,1
70~,3
70~,1
70~,1
70~,2
70~,2
70~,1
70~,5
70~,1
70~,1
70~,1
70~,1
70~,2
70~,1
70~,1
70~,1
70~,2
70~,2
70~,2
70~,1
70~,1
70~,1
70~,2
70~,1
70~,1
70~,2
70~,1
70~,2
70~,1
70~,1
70~,1
70~,1
70~,1
70~,1
70~,1
70~,1
70~,1
70~,1
70~,1
70~,1
70~,1
70~,1
70~,2
70~,1
70~,2
70~,1
70~,1
70~,1
70~,1
70~,1
70~,1
70~,1
70~,2
70~,1
70~,1
70~,1
70~,1
70~,1
70~,1
70~,1
70~,1
70~,1
70~,1
70~,1
70~,1
70~,1
70~,1
70~,3
70~,1
70~,1
70~,1
70~,1
70~,1
70~,1
70~,1
70~,1
70~,1
70~,1
70~,1
70~,1
70~,1
70~,2
70~,2
70~,2
70~,3
70~,1
70~,1
70~,1
70~,2
70~,2
70~,1
70~,1
70~,5
70~,1
70~,2
70~,3
70~,1
70~,2
70~,2
70~,3
70~,3
70~,3
70~,2
70~,3
70~,2
70~,2
70~,1
70~,7
70~,4
70~,2
70~,3
70~,4
70~,1
70~,4
70~,3
70~,1
70~,1
70~,2
70~,2
70~,2
70~,2
70~,3
70~,4
70~,1
70~,3
70~,3
70~,3
70~,7
70~,1
70~,8
70~,5
70~,2
70~,7
70~,3
70~,4
70~,4
70~,6
70~,3
70~,7
70~,2
70~,10
70~,6
70~,10
70~,6
70~,8
70~,6
70~,6
70~,4
70~,6
70~,10
70~,11
70~,11
70~,9
70~,7
70~,16
70~,18
70~,4
70~,1
70~,1
70~,2
70~,3
70~,4
70~,1
70~,2
70~,4
70~,5
70~,4
70~,2
70~,4
70~,7
70~,4
70~,3
70~,1
70~,7
70~,4
70~,4
70~,3
70~,6
70~,2
70~,2
70~,2
70~,5
70~,5
70~,7
70~,8
70~,7
70~,3
70~,5
70~,3
70~,2
70~,2
70~,5
70~,3
70~,12
70~,8
70~,3
70~,4
70~,3
70~,6
70~,3
70~,4
70~,1
70~,6
70~,3
70~,4
70~,5
70~,2
70~,7
70~,6
70~,7
70~,3
70~,7
70~,1
70~,6
70~,3
70~,6
70~,4
70~,1
70~,2
70~,7
70~,1
70~,4
70~,2
70~,2
70~,2
70~,2
70~,1
70~,1
70~,2
70~,1
70~,2
70~,2
70~,3
70~,1
70~,2
70~,2
70~,3
70~,2
70~,4
70~,3
70~,2
70~,2
70~,1
70~,1
70~,5
70~,4
70~,5
70~,4
70~,3
70~,6
70~,2
70~,7
70~,3
70~,2
70~,1
70~,3
70~,1
70~,1
70~,2
70~,2
70~,2
70~,1
70~,2
70~,4
70~,6
70~,2
70~,2
70~,6
70~,1
70~,2
70~,3
70~,1
70~,1
70~,2
70~,5
70~,1
70~,4
70~,1
70~,1
70~,1
70~,2
70~,1
70~,1
70~,2
70~,1
70~,2
70~,2
70~,1
70~,2
70~,8
70~,2
70~,2
70~,2
70~,4
70~,4
70~,3
70~,1
70~,2
70~,2
70~,1
70~,2
70~,2
70~,2
70~,1
70~,1
70~,2
70~,1
70~,4
70~,1
70~,1
70~,2
70~,1
70~,9
70~,2
70~,2
70~,1
70~,2
70~,2
70~,1
70~,3
70~,2
70~,3
70~,1
70~,3
70~,5
70~,3
70~,5
70~,2
70~,7
70~,4
70~,5
70~,5
70~,2
70~,1
70~,3
70~,5
70~,4
70~,4
70~,3
70~,3
70~,3
70~,2
70~,2
70~,1
70~,6
70~,3
70~,1
70~,3
70~,2
70~,2
70~,2
70~,2
70~,6
70~,3
70~,5
70~,3
70~,2
70~,2
70~,3
70~,1
70~,1
70~,3
70~,2
70~,8
70~,6
70~,8
70~,3
70~,1
70~,6
70~,5
70~,4
70~,3
70~,4
70~,2
70~,2
70~,2
70~,2
70~,6
70~,1
70~,2
70~,3
70~,3
70~,1
70~,3
70~,1
70~,3
70~,1
70~,1
70~,1
70~,1
70~,4
70~,6
70~,7
70~,7
70~,1
70~,7
70~,11
70~,1
70~,7
70~,6
70~,3
70~,2
70~,4
70~,1
70~,7
70~,4
70~,1
70~,6
70~,5
70~,1
70~,1
70~,3
70~,1
70~,3
70~,2
70~,3
70~,1
70~,1
70~,1
70~,3
70~,5
70~,3
70~,1
70~,3
70~,6
70~,3
70~,6
70~,1
70~,2
70~,7
70~,4
70~,3
70~,6
70~,2
70~,3
70~,4
70~,3
70~,2
70~,3
70~,1
70~,1
70~,1
70~,1
70~,1
70~,1
70~,2
70~,2
70~,2
70~,1
70~,6
70~,2
70~,2
70~,2
70~,2
70~,1
70~,3
70~,1
70~,1
70~,1
70~,1
70~,2
70~,3
70~,2
70~,3
70~,1
70~,1
70~,2
70~,2
70~,2
70~,2
70~,3
70~,2
70~,3
70~,1
70~,1
70~,1
70~,2
70~,1
70~,1
70~,1
70~,2
70~,2
70~,4
70~,1
70~,2
70~,2
70~,1
70~,1
70~,1
70~,1
70~,1
70~,2
70~,2
70~,2
70~,1
70~,3
70~,2
70~,3
70~,1
70~,3
70~,2
70~,2
70~,2
70~,3
70~,1
70~,1
70~,4
70~,7
70~,218
70~,209
70~,2
70~,1
70~,2
70~,1
70~,2
70~,1
70~,1
70~,1
70~,1
70~,1
70~,1
70~,3
70~,1
70~,1
70~,1
70~,1
70~,2
70~,1
70~,1
70~,1
70~,1
70~,1
70~,1
70~,1
70~,1
70~,1
70~,1
70~,2
70~,2
70~,1
70~,1
70~,1
70~,2
70~,1
70~,1
70~,2
70~,2
70~,1
70~,1
70~,2
70~,1
70~,1
70~,1
70~,1
70~,1
70~,1
70~,1
70~,1
70~,1
70~,1
60,6
60,5
60,14
60,7
60,5
60,2
60,22
60,16
60,37
60,18
60,16
60,7
60,13
60,2
60,17
60,10
60,5
60,8
60,4
60,6
60,13
60,10
60,9
60,3
60,18
60,15
60,15
60,10
60,20
60,13
60,9
60,6
60,16
60,15
60,13
60,11
60,12
60,18
60,14
60,5
60,10
60,7
60,15
60,7
60,12
60,6
60,15
60,10
60,22
60,10
60,5
60,6
60,7
60,6
60,9
60,10
60,12
60,9
60,17
60,7
60,11
60,11
60,25
60,16
60,18
60,12
60,10
60,5
60,7
60,2
60,14
60,2
60,8
60,6
60,13
60,13
60,7
60,3
60,16
60,7
60,13
60,3
60,18
60,7
60,13
60,6
60,25
60,13
60,13
60,15
60,11
60,13
60,14
60,5
60,5
60,8
60,9
60,6
60,13
60,14
60,10
60,5
60,24
60,14
60,19
60,11
60,13
60,6
60,19
60,8
60,7
60,8
60,4
60,5
60,6
60,3
60,11
60,7
60,20
60,12
60,13
60,5
60,7
60,8
60,22
60,9
60,11
60,4
60,11
60,5
60,9
60,6
60,10
60,4
60,9
60,4
60,11
60,2
60,8
60,10
60,9
60,2
60,6
60,5
60,7
60,4
60,5
60,8
60,7
60,6
60,7
60,1
60,19
60,5
60,5
60,7
60,11
60,4
60,15
60,4
60,15
60,9
60,10
60,4
60,5
60,5
60,12
60,6
60,5
60,4
60,8
60,4
60,12
60,11
60,9
60,6
60,6
60,7
60,16
60,3
60,30
60,6
60,10
60,3
60,3
60,2
60,12
60,2
60,16
60,8
60,5
60,4
60,6
60,5
60,11
60,4
60,9
60,5
60,5
60,7
60,11
60,10
60,4
60,5
60,8
60,2
60,1
60,1
60,7
60,5
60,2
60,9
60,5
60,19
60,8
60,6
60,5
60,2
60,2
60,4
60,1
60,3
60,2
60,3
60,5
60,6
60,2
60,2
60,1
60,3
60,2
60,2
60,2
60,2
60,6
60,2
60,5
60,4
60,10
60,1
60,5
60,5
60,3
60,4
60,2
60,2
60,4
60,1
60,2
60,2
60,1
60,2
60,2
60,2
60,2
60,1
60,3
60,1
60,1
60,4
60,1
60,1
60,4
60,1
60,1
60,1
60,1
60,3
60,4
60,1
60,1
60,2
60,2
60,1
60,1
60,3
60,2
60,2
60,5
60,4
60,4
60,1
60,2
60,2
60,1
60,1
60,1
60,2
60,1
60,2
60,3
60,1
60,1
60,1
60,1
60,2
60,5
60,1
60,3
60,1
60,5
60,2
60,6
60,1
60,4
60,1
60,3
60,5
60,4
60,3
60,4
60,1
60,4
60,2
60,1
60,3
60,5
60,1
60,4
60,7
60,2
60,1
60,5
60,2
60,1
60,2
60,1
60,2
60,2
60,1
60,2
60,1
60,2
60,1
60,1
60,1
60,1
60,2
60,2
60,2
60,1
60,2
60,1
60,1
60,3
60,3
60,2
60,2
60,1
60,4
60,3
60,1
60,4
60,1
60,2
60,1
60,3
60,2
60,2
60,2
60,2
60,4
60,2
60,1
60,3
60,1
60,1
60,4
60,1
60,1
60,1
60,6
60,5
60,2
60,10
60,3
60,5
60,4
60,7
60,4
60,2
60,1
60,3
60,2
60,4
60,2
60,9
60,4
60,10
60,5
60,20
60,5
60,4
60,1
60,10
60,5
60,12
60,6
60,8
60,5
60,4
60,9
60,3
60,10
60,12
60,13
60,2
60,7
60,2
60,11
60,4
60,5
60,6
60,5
60,6
60,20
60,16
60,16
60,13
60,16
60,6
60,12
60,5
60,10
60,5
60,20
60,2
60,8
60,4
60,13
60,7
60,14
60,8
60,17
60,4
60,8
60,4
60,8
60,5
60,15
60,11
60,25
60,19
60,28
60,27
60,18
60,18
60,31
60,16
60,18
60,21
60,24
60,25
60,22
60,13
60,19
60,8
60,11
60,1
60,15
60,10
60,16
60,4
60,7
60,7
60,17
60,6
60,4
60,12
60,15
60,5
60,14
60,10
60,19
60,15
60,19
60,10
60,17
60,4
60,11
60,7
60,11
60,4
60,15
60,4
60,14
60,19
60,20
60,9
60,19
60,11
60,13
60,8
60,11
60,7
60,7
60,9
60,10
60,7
60,16
60,10
60,16
60,9
60,13
60,9
60,7
60,4
60,10
60,6
60,9
60,5
60,12
60,17
60,12
60,10
60,20
60,5
60,14
60,8
60,10
60,8
60,9
60,4
60,11
60,4
60,9
60,15
60,11
60,15
60,8
60,5
60,9
60,5
60,5
60,11
60,6
60,12
60,3
60,7
60,5
60,8
60,6
60,13
60,8
60,6
60,4
60,10
60,3
60,15
60,2
60,14
60,5
60,15
60,7
60,12
60,5
60,5
60,6
60,2
60,5
60,12
60,4
60,4
60,9
60,5
60,2
60,5
60,6
60,11
60,1
60,6
60,1
60,2
60,3
60,11
60,7
60,9
60,4
60,7
60,2
60,7
60,6
60,5
60,3
60,7
60,1
60,12
60,2
60,13
60,3
60,6
60,1
60,6
60,3
60,6
60,2
60,12
60,2
60,13
60,1
60,18
60,6
60,12
60,2
60,7
60,1
60,11
60,5
60,13
60,5
60,1
60,1
60,10
60,4
60,4
60,2
60,4
60,3
60,12
60,3
60,4
60,3
60,13
60,6
60,10
60,3
60,6
60,4
60,8
60,1
60,14
60,5
60,5
60,2
60,3
60,2
60,1
60,7
60,6
60,14
60,6
60,4
60,7
60,11
60,5
60,1
60,13
60,4
60,7
60,4
60,10
60,7
60,14
60,2
60,8
60,6
60,14
60,4
60,10
60,5
60,20
60,5
60,14
60,8
60,11
60,9
60,15
60,8
60,9
60,4
60,16
60,8
60,9
60,6
60,16
60,9
60,6
60,3
60,15
60,8
60,12
60,9
60,10
60,6
60,6
60,6
60,5
60,2
60,1
60,14
60,4
60,9
60,9
60,1
60,12
60,4
60,12
60,14
60,12
60,4
60,3
60,6
60,5
60,6
60,9
60,8
60,3
60,3
60,19
60,12
60,5
60,11
60,1
60,6
60,4
60,13
60,6
60,8
60,6
60,9
60,4
60,5
60,4
60,8
60,13
60,1
60,13
60,11
60,1
60,9
60,6
60,1
60,15
60,9
60,6
60,5
60,6
60,7
60,8
60,4
60,1
60,10
60,12
60,11
60,5
60,7
60,6
60,5
60,2
60,4
60,3
60,5
60,3
60,5
60,2
60,10
60,2
60,7
60,5
60,14
60,10
60,6
60,7
60,1
60,1
60,10
60,7
60,6
60,4
60,11
60,4
60,1
60,1
60,11
60,6
60,8
60,4
60,11
60,3
60,11
60,4
60,4
60,2
60,3
60,3
60,7
60,1
60,4
60,3
60,1
60,7
60,1
60,5
60,1
60,1
60,2
60,5
60,2
60,1
60,2
60,1
60,4
60,6
60,5
60,8
60,9
60,1
60,3
60,3
60,2
60,4
60,2
60,1
60,4
60,4
60,5
60,4
60,2
60,7
60,4
60,1
60,8
60,5
60,1
60,8
60,8
60,1
60,3
60,1
60,2
60,2
60,4
60,4
60,1
60,4
60,5
60,1
60,3
60,1
60,1
60,2
60,3
60,1
60,2
60,4
60,1
60,1
60,1
60,3
60,1
60,1
60,2
60,4
60,3
60,1
60,3
60,1
60,5
60,3
60,5
60,4
60,2
60,13
60,1
60,1
60,5
60,2
60,7
60,4
60,5
60,8
60,2
60,2
60,3
60,2
60,5
60,5
60,3
60,6
60,3
60,1
60,2
60,4
60,4
60,2
60,1
60,1
60,2
60,4
60,3
60,1
60,1
60,2
60,4
60,3
60,1
60,2
60,3
60,2
60,1
60,1
60,2
60,2
60,3
60,1
60,1
60,1
60,2
60,1
60,1
60,2
60,2
60,1
60,1
60,2
60,1
60,1
60,1
60,1
60,1
60,2
60,2
60,1
60,2
60,1
60,1
60,2
60,1
60,1
60,1
60,1
60,2
60,1
60,2
60,1
60,2
60,2
60,1
60,3
60,2
60,1
60,2
60,1
60,3
60,2
60,3
60,1
60,2
60,2
60,2
60,3
60,1
50,33
50,23
50,49
50,47
50,20
50,15
50,76
50,72
50,81
50,76
50,81
50,45
50,30
50,39
50,72
50,74
50,46
50,34
50,39
50,30
50,92
50,71
50,63
50,50
50,55
50,51
50,60
50,48
50,90
50,81
50,57
50,46
50,52
50,31
50,77
50,62
50,57
50,68
50,50
50,35
50,45
50,34
50,72
50,41
50,56
50,42
50,57
50,51
50,80
50,88
50,74
50,65
50,44
50,41
50,56
50,29
50,46
50,43
50,61
50,59
50,58
50,52
50,80
50,89
50,75
50,86
50,31
50,24
50,20
50,10
50,56
50,12
50,48
50,46
50,64
50,74
50,21
50,23
50,58
50,32
50,45
50,27
50,62
50,37
50,52
50,45
50,100
50,95
50,65
50,46
50,60
50,71
50,38
50,32
50,33
50,17
50,40
50,17
50,58
50,41
50,47
50,41
50,67
50,70
50,65
50,69
50,50
50,30
50,48
50,38
50,45
50,40
50,26
50,29
50,13
50,14
50,54
50,23
50,69
50,58
50,54
50,31
50,42
50,42
50,82
50,60
50,35
50,48
50,45
50,35
50,44
50,43
50,24
50,24
50,42
50,20
50,53
50,29
50,51
50,22
50,44
50,31
50,36
50,30
50,31
50,22
50,26
50,26
50,19
50,13
50,35
50,16
50,61
50,62
50,46
50,38
50,39
50,47
50,63
50,45
50,57
50,53
50,30
50,29
50,34
50,18
50,53
50,15
50,37
50,24
50,29
50,19
50,47
50,31
50,30
50,25
50,31
50,20
50,50
50,24
50,79
50,22
50,30
50,13
50,20
50,11
50,36
50,23
50,56
50,46
50,48
50,14
50,16
50,11
50,40
50,21
50,31
50,19
50,34
50,19
50,36
50,32
50,33
50,30
50,19
50,21
50,28
50,6
50,26
50,20
50,31
50,16
50,25
50,10
50,79
50,29
50,29
50,27
50,18
50,11
50,12
50,12
50,13
50,10
50,18
50,6
50,12
50,9
50,14
50,14
50,18
50,9
50,13
50,9
50,15
50,5
50,9
50,8
50,10
50,14
50,10
50,6
50,12
50,11
50,14
50,11
50,8
50,5
50,7
50,6
50,12
50,4
50,6
50,5
50,3
50,1
50,9
50,3
50,11
50,5
50,4
50,5
50,9
50,4
50,5
50,4
50,2
50,2
50,3
50,7
50,5
50,7
50,10
50,3
50,5
50,2
50,1
50,1
50,1
50,2
50,6
50,5
50,5
50,4
50,3
50,3
50,3
50,1
50,2
50,2
50,3
50,2
50,2
50,2
50,8
50,4
50,12
50,6
50,11
50,6
50,6
50,3
50,10
50,7
50,7
50,3
50,9
50,9
50,14
50,2
50,10
50,7
50,2
50,5
50,6
50,2
50,4
50,1
50,3
50,2
50,10
50,6
50,10
50,2
50,14
50,6
50,9
50,3
50,8
50,3
50,12
50,5
50,18
50,8
50,13
50,6
50,8
50,9
50,11
50,7
50,10
50,4
50,11
50,4
50,6
50,5
50,6
50,6
50,4
50,6
50,5
50,23
50,5
50,13
50,7
50,7
50,10
50,2
50,7
50,1
50,5
50,2
50,7
50,1
50,8
50,2
50,7
50,1
50,5
50,1
50,2
50,5
50,5
50,7
50,1
50,10
50,5
50,5
50,5
50,6
50,10
50,5
50,2
50,8
50,3
50,4
50,4
50,10
50,2
50,16
50,2
50,14
50,9
50,8
50,11
50,7
50,2
50,13
50,4
50,9
50,9
50,20
50,11
50,12
50,3
50,9
50,7
50,8
50,1
50,8
50,3
50,11
50,6
50,10
50,5
50,25
50,5
50,1
50,1
50,9
50,2
50,10
50,7
50,13
50,11
50,6
50,6
50,17
50,8
50,14
50,11
50,15
50,12
50,21
50,21
50,26
50,10
50,18
50,14
50,29
50,15
50,38
50,17
50,16
50,17
50,27
50,14
50,33
50,32
50,45
50,28
50,44
50,16
50,32
50,27
50,45
50,20
50,25
50,17
50,26
50,11
50,36
50,26
50,47
50,51
50,42
50,32
50,39
50,37
50,48
50,21
50,37
50,22
50,39
50,28
50,59
50,50
50,59
50,43
50,45
50,25
50,55
50,40
50,43
50,22
50,68
50,32
50,50
50,41
50,72
50,68
50,58
50,43
50,95
50,50
50,43
50,30
50,31
50,20
50,58
50,27
50,109
50,112
50,117
50,102
50,99
50,102
50,83
50,75
50,115
50,120
50,101
50,137
50,96
50,83
50,72
50,83
50,46
50,33
50,72
50,71
50,52
50,38
50,45
50,25
50,57
50,24
50,50
50,27
50,58
50,42
50,67
50,75
50,71
50,63
50,62
50,29
50,54
50,32
50,80
50,36
50,53
50,36
50,49
50,33
50,86
50,68
50,82
50,65
50,67
50,35
50,52
50,35
50,41
50,39
50,60
50,38
50,56
50,38
50,67
50,67
50,50
50,59
50,44
50,39
50,28
50,24
50,43
50,32
50,63
50,37
50,68
50,74
50,73
50,68
50,46
50,40
50,55
50,37
50,58
50,27
50,42
50,29
50,42
50,16
50,51
50,53
50,55
50,55
50,39
50,31
50,33
50,18
50,22
50,18
50,33
50,30
50,37
50,24
50,16
50,11
50,55
50,31
50,42
50,28
50,43
50,16
50,36
50,13
50,69
50,30
50,46
50,24
50,46
50,42
50,37
50,29
50,39
50,16
50,24
50,9
50,42
50,17
50,45
50,25
50,26
50,12
50,22
50,22
50,30
50,21
50,26
50,17
50,41
50,21
50,33
50,19
50,23
50,24
50,21
50,17
50,35
50,36
50,42
50,28
50,19
50,14
50,35
50,19
50,32
50,9
50,39
50,20
50,34
50,15
50,17
50,18
50,29
50,18
50,33
50,12
50,46
50,36
50,27
50,20
50,42
50,17
50,45
50,21
50,26
50,20
50,22
50,17
50,34
50,17
50,29
50,15
50,31
50,22
50,65
50,26
50,16
50,3
50,37
50,22
50,23
50,22
50,30
50,12
50,1
50,1
50,37
50,12
50,92
50,37
50,25
50,15
50,28
50,15
50,2
50,40
50,26
50,30
50,18
50,1
50,34
50,23
50,1
50,48
50,33
50,1
50,37
50,19
50,26
50,13
50,48
50,31
50,1
50,48
50,40
50,1
50,1
50,53
50,31
50,1
50,48
50,42
50,61
50,28
50,2
50,94
50,43
50,1
50,2
50,49
50,25
50,2
50,53
50,47
50,1
50,58
50,51
50,40
50,28
50,1
50,54
50,33
50,1
50,44
50,31
50,40
50,29
50,52
50,27
50,2
50,59
50,63
50,1
50,54
50,43
50,1
50,36
50,29
50,1
50,37
50,21
50,22
50,18
50,44
50,35
50,1
50,1
50,52
50,34
50,58
50,45
50,1
50,1
50,48
50,52
50,1
50,26
50,19
50,2
50,51
50,33
50,2
50,31
50,24
50,1
50,24
50,21
50,44
50,25
50,1
50,45
50,43
50,1
50,50
50,44
50,51
50,27
50,1
50,31
50,19
50,22
50,27
50,1
50,41
50,16
50,1
50,31
50,27
50,3
50,1
50,55
50,44
50,2
50,1
50,46
50,46
50,1
50,1
50,33
50,25
50,2
50,46
50,26
50,31
50,34
50,38
50,30
50,28
50,20
50,2
50,2
50,52
50,58
50,1
50,25
50,18
50,22
50,15
50,1
50,34
50,17
50,1
50,12
50,10
50,1
50,1
50,23
50,13
50,22
50,18
50,3
50,23
50,24
50,1
50,26
50,23
50,1
50,53
50,58
50,2
50,42
50,26
50,2
50,2
50,53
50,46
50,1
50,35
50,26
50,42
50,42
50,1
50,3
50,39
50,43
50,1
50,41
50,37
50,21
50,20
50,21
50,16
50,18
50,22
50,3
50,2
50,23
50,9
50,22
50,21
50,1
50,1
50,34
50,36
50,1
50,24
50,32
50,9
50,14
50,1
50,1
50,19
50,6
50,13
50,18
50,2
50,11
50,7
50,1
50,1
50,12
50,11
50,37
50,31
50,24
50,24
50,1
50,1
50,14
50,4
50,19
50,7
50,2
50,2
50,16
50,18
50,1
50,2
50,13
50,25
50,1
50,1
50,21
50,27
50,2
50,25
50,26
50,1
50,22
50,25
50,3
50,1
50,17
50,19
50,1
50,8
50,2
50,2
50,6
50,3
50,1
50,17
50,8
50,1
50,22
50,14
50,1
50,30
50,19
50,1
50,15
50,18
50,1
50,10
50,5
50,1
50,15
50,10
50,1
50,18
50,8
50,10
50,6
50,1
50,2
50,7
50,7
50,26
50,11
50,1
50,2
50,26
50,20
50,1
50,18
50,5
50,1
50,16
50,8
50,1
50,22
50,9
50,1
50,40
50,9
50,1
50,31
50,9
50,1
50,1
50,17
50,20
50,3
50,1
50,18
50,13
50,15
50,7
50,1
50,16
50,5
50,14
50,11
50,9
50,4
50,13
50,19
50,14
50,12
50,4
50,1
50,6
50,5
50,10
50,1
50,9
50,5
50,2
50,7
50,1
50,6
50,11
50,19
50,15
50,2
50,1
50,7
50,3
50,3
50,2
50,12
50,12
50,5
50,2
50,11
50,5
50,8
50,9
50,5
50,5
50,6
50,6
50,7
50,1
50,3
50,3
50,6
50,3
50,6
50,6
50,4
50,1
50,5
50,2
50,3
50,3
50,7
50,2
50,8
50,5
50,1
50,6
50,4
50,3
50,1
50,4
50,2
50,5
50,2
50,1
50,4
50,1
50,4
50,2
50,3
50,3
50,1
50,3
50,2
50,1
50,1
50,3
50,1
50,9
50,2
50,1
50,2
50,1
50,3
50,7
50,1
50,1
50,5
50,1
50,2
50,3
50,2
50,1
50,4
50,1
50,2
50,1
50,4
50,1
50,1
50,1
50,2
50,6
50,1
50,5
50,1
50,4
50,3
50,3
50,3
50,1
50,8
50,5
50,1
50,2
50,1
50,3
50,6
50,1
50,4
50,3
50,1
50,3
50,3
50,4
50,4
50,8
50,2
50,1
50,10
50,3
50,10
50,4
50,2
50,5
50,6
50,1
50,6
50,5
50,1
50,6
50,3
50,6
50,5
40,85
40,51
40,122
40,67
40,51
40,34
40,264
40,184
40,244
40,207
40,154
40,89
40,71
40,59
40,261
40,161
40,85
40,72
40,120
40,67
40,241
40,175
40,184
40,119
40,135
40,83
40,126
40,89
40,246
40,178
40,159
40,87
40,142
40,85
40,232
40,146
40,182
40,147
40,122
40,82
40,115
40,82
40,140
40,81
40,123
40,76
40,141
40,88
40,217
40,184
40,171
40,129
40,125
40,82
40,128
40,80
40,99
40,82
40,213
40,163
40,181
40,145
40,264
40,193
40,258
40,205
40,55
40,41
40,49
40,25
40,85
40,37
40,119
40,68
40,227
40,194
40,35
40,41
40,130
40,82
40,130
40,100
40,151
40,93
40,122
40,80
40,291
40,238
40,120
40,112
40,226
40,216
40,116
40,84
40,94
40,70
40,62
40,39
40,179
40,119
40,115
40,72
40,242
40,194
40,189
40,143
40,146
40,117
40,155
40,75
40,119
40,72
40,70
40,47
40,28
40,14
40,102
40,67
40,178
40,125
40,105
40,67
40,108
40,77
40,129
40,90
40,110
40,61
40,119
40,91
40,115
40,79
40,72
40,39
40,97
40,67
40,111
40,71
40,97
40,43
40,72
40,58
40,99
40,68
40,89
40,55
40,66
40,60
40,65
40,38
40,51
40,27
40,132
40,100
40,100
40,56
40,115
40,71
40,144
40,110
40,134
40,108
40,102
40,49
40,70
40,36
40,71
40,45
40,63
40,34
40,64
40,29
40,78
40,62
40,80
40,49
40,76
40,40
40,73
40,37
40,87
40,32
40,69
40,36
40,55
40,28
40,116
40,85
40,151
40,117
40,75
40,46
40,43
40,34
40,92
40,74
40,77
40,42
40,57
40,33
40,123
40,83
40,77
40,56
40,59
40,28
40,42
40,29
40,51
40,41
40,66
40,25
40,40
40,36
40,127
40,59
40,110
40,81
40,35
40,17
40,40
40,20
40,28
40,9
40,35
40,16
40,37
40,28
40,60
40,30
40,29
40,19
40,16
40,7
40,20
40,13
40,29
40,17
40,27
40,13
40,27
40,18
40,29
40,18
40,25
40,21
40,30
40,24
40,23
40,9
40,16
40,12
40,14
40,6
40,10
40,4
40,9
40,6
40,15
40,7
40,15
40,4
40,8
40,2
40,8
40,4
40,10
40,3
40,12
40,3
40,12
40,7
40,8
40,2
40,15
40,6
40,14
40,4
40,16
40,5
40,15
40,4
40,8
40,5
40,9
40,4
40,17
40,4
40,6
40,1
40,7
40,3
40,7
40,1
40,8
40,1
40,16
40,7
40,24
40,22
40,19
40,16
40,24
40,13
40,22
40,11
40,26
40,7
40,19
40,5
40,16
40,7
40,13
40,11
40,7
40,4
40,17
40,3
40,9
40,2
40,14
40,5
40,15
40,3
40,21
40,10
40,16
40,11
40,15
40,9
40,16
40,12
40,28
40,5
40,40
40,17
40,32
40,12
40,26
40,19
40,23
40,2
40,16
40,11
40,20
40,8
40,15
40,8
40,16
40,5
40,9
40,7
40,25
40,8
40,32
40,6
40,21
40,12
40,16
40,7
40,14
40,3
40,17
40,3
40,11
40,2
40,15
40,2
40,13
40,3
40,15
40,4
40,14
40,5
40,12
40,8
40,13
40,2
40,18
40,4
40,8
40,2
40,22
40,6
40,20
40,11
40,13
40,3
40,20
40,6
40,15
40,6
40,17
40,6
40,16
40,7
40,34
40,20
40,33
40,24
40,20
40,12
40,32
40,10
40,41
40,15
40,42
40,17
40,26
40,18
40,36
40,15
40,22
40,9
40,25
40,7
40,30
40,9
40,31
40,16
40,49
40,13
40,42
40,15
40,29
40,6
40,28
40,7
40,28
40,19
40,27
40,14
40,45
40,13
40,41
40,19
40,43
40,24
40,76
40,48
40,62
40,44
40,51
40,19
40,85
40,38
40,77
40,48
40,94
40,30
40,83
40,24
40,104
40,73
40,91
40,59
40,84
40,37
40,94
40,42
40,114
40,32
40,71
40,34
40,65
40,37
40,138
40,79
40,158
40,110
40,125
40,58
40,102
40,48
40,119
40,56
40,98
40,62
40,120
40,73
40,209
40,158
40,186
40,130
40,148
40,82
40,136
40,70
40,105
40,48
40,149
40,79
40,138
40,78
40,230
40,156
40,176
40,138
40,251
40,84
40,108
40,52
40,99
40,62
40,164
40,81
40,325
40,247
40,383
40,320
40,333
40,278
40,225
40,176
40,271
40,261
40,226
40,231
40,224
40,166
40,228
40,179
40,103
40,80
40,207
40,154
40,146
40,79
40,123
40,68
40,114
40,70
40,133
40,68
40,128
40,69
40,194
40,148
40,185
40,156
40,167
40,110
40,154
40,82
40,173
40,99
40,110
40,64
40,163
40,99
40,274
40,195
40,216
40,173
40,151
40,102
40,146
40,88
40,141
40,74
40,145
40,71
40,113
40,53
40,216
40,147
40,158
40,126
40,151
40,91
40,97
40,44
40,132
40,75
40,141
40,91
40,221
40,191
40,200
40,143
40,139
40,105
40,143
40,81
40,128
40,79
40,111
40,73
40,98
40,60
40,200
40,131
40,160
40,118
40,93
40,54
40,57
40,39
40,60
40,45
40,91
40,42
40,78
40,36
40,28
40,21
40,131
40,89
40,97
40,60
40,87
40,58
40,79
40,39
40,180
40,53
40,80
40,59
40,132
40,99
40,92
40,61
40,80
40,57
40,44
40,20
40,99
40,41
40,113
40,57
40,72
40,38
40,69
40,41
40,56
40,41
40,73
40,40
40,59
40,30
40,86
40,47
40,78
40,43
40,45
40,48
40,93
40,65
40,106
40,65
40,48
40,38
40,70
40,41
40,66
40,42
40,75
40,54
40,82
40,42
40,45
40,28
40,61
40,36
40,65
40,37
40,95
40,46
40,84
40,24
40,61
40,38
40,89
40,48
40,109
40,58
40,39
40,20
40,56
40,42
40,83
40,36
40,100
40,30
40,86
40,37
40,45
40,11
40,66
40,33
40,67
40,35
40,61
40,18
40,6
40,2
40,2
40,44
40,17
40,1
40,181
40,61
40,2
40,58
40,40
40,3
40,70
40,42
40,1
40,105
40,68
40,3
40,2
40,95
40,50
40,1
40,99
40,48
40,1
40,2
40,124
40,58
40,2
40,111
40,47
40,1
40,1
40,74
40,31
40,1
40,1
40,145
40,87
40,2
40,122
40,94
40,1
40,1
40,133
40,76
40,3
40,2
40,124
40,65
40,3
40,3
40,166
40,76
40,1
40,1
40,214
40,99
40,4
40,1
40,139
40,68
40,1
40,3
40,167
40,108
40,6
40,4
40,195
40,117
40,2
40,136
40,66
40,1
40,2
40,120
40,60
40,1
40,110
40,70
40,1
40,2
40,129
40,60
40,2
40,125
40,73
40,4
40,2
40,211
40,160
40,3
40,158
40,115
40,1
40,139
40,65
40,1
40,3
40,99
40,70
40,1
40,57
40,37
40,1
40,2
40,161
40,101
40,1
40,161
40,107
40,183
40,166
40,1
40,152
40,129
40,1
40,88
40,63
40,1
40,90
40,55
40,100
40,64
40,5
40,3
40,110
40,55
40,1
40,2
40,104
40,55
40,2
40,3
40,211
40,140
40,140
40,124
40,2
40,3
40,101
40,68
40,1
40,1
40,83
40,60
40,86
40,62
40,2
40,76
40,47
40,109
40,63
40,2
40,2
40,179
40,142
40,5
40,2
40,137
40,104
40,6
40,90
40,58
40,3
40,1
40,93
40,55
40,1
40,92
40,80
40,1
40,86
40,56
40,1
40,97
40,53
40,2
40,193
40,142
40,4
40,1
40,71
40,62
40,1
40,2
40,69
40,30
40,1
40,53
40,52
40,43
40,22
40,2
40,52
40,33
40,3
40,1
40,57
40,26
40,1
40,74
40,60
40,1
40,1
40,53
40,37
40,1
40,1
40,169
40,150
40,2
40,123
40,91
40,2
40,1
40,151
40,148
40,1
40,64
40,76
40,3
40,3
40,125
40,100
40,1
40,2
40,157
40,122
40,1
40,3
40,110
40,95
40,2
40,75
40,39
40,1
40,67
40,46
40,1
40,1
40,68
40,49
40,2
40,1
40,78
40,23
40,72
40,38
40,1
40,3
40,156
40,100
40,2
40,117
40,84
40,2
40,67
40,37
40,1
40,50
40,23
40,2
40,2
40,46
40,33
40,2
40,3
40,36
40,16
40,2
40,23
40,22
40,1
40,3
40,133
40,67
40,3
40,1
40,132
40,97
40,1
40,32
40,22
40,1
40,2
40,41
40,33
40,1
40,3
40,55
40,38
40,2
40,74
40,34
40,3
40,2
40,66
40,42
40,5
40,2
40,113
40,82
40,1
40,1
40,84
40,62
40,3
40,1
40,55
40,42
40,2
40,33
40,17
40,1
40,26
40,8
40,1
40,46
40,34
40,1
40,1
40,37
40,21
40,1
40,1
40,107
40,72
40,2
40,69
40,57
40,1
40,1
40,11
40,11
40,1
40,46
40,24
40,2
40,3
40,39
40,18
40,1
40,35
40,14
40,29
40,17
40,2
40,1
40,87
40,56
40,3
40,2
40,64
40,41
40,2
40,30
40,25
40,1
40,65
40,22
40,3
40,3
40,54
40,18
40,3
40,1
40,107
40,43
40,1
40,4
40,56
40,27
40,1
40,77
40,62
40,68
40,37
40,37
40,25
40,1
40,28
40,19
40,28
40,18
40,1
40,20
40,17
40,1
40,66
40,28
40,3
40,63
40,47
40,1
40,22
40,12
40,21
40,10
40,1
40,2
40,18
40,8
40,1
40,2
40,25
40,9
40,1
40,1
40,20
40,9
40,1
40,1
40,65
40,42
40,1
40,1
40,74
40,53
40,1
40,20
40,11
40,26
40,10
40,46
40,23
40,2
40,2
40,27
40,13
40,1
40,26
40,21
40,3
40,51
40,25
40,26
40,12
40,10
40,7
40,9
40,4
40,10
40,6
40,1
40,8
40,7
40,10
40,8
40,2
40,1
40,16
40,9
40,1
40,18
40,6
40,2
40,12
40,11
40,18
40,8
40,1
40,15
40,5
40,1
40,1
40,14
40,2
40,11
40,6
40,1
40,8
40,5
40,4
40,4
40,1
40,8
40,2
40,1
40,7
40,4
40,1
40,2
40,13
40,3
40,3
40,12
40,4
40,1
40,1
40,5
40,2
40,8
40,3
40,2
40,1
40,8
40,4
40,8
40,5
40,1
40,7
40,9
40,4
40,10
40,5
40,1
40,1
40,2
40,3
40,4
40,4
40,2
40,1
40,8
40,6
40,8
40,4
40,7
40,2
40,1
40,12
40,5
40,5
40,3
40,5
40,1
40,6
40,2
40,4
40,1
40,4
40,2
40,1
40,1
40,11
40,7
40,8
40,5
40,6
40,5
40,1
40,1
40,13
40,2
40,1
40,13
40,3
40,1
40,5
40,5
40,6
40,10
40,8
40,1
40,5
40,6
40,1
40,7
40,2
40,12
40,3
40,20
40,20
40,1
40,24
40,11
40,3
40,15
40,11
40,1
40,1
40,18
40,8
40,1
40,1
40,17
40,12
40,10
40,8
40,1
40,17
40,5
40,19
40,11
30,121
30,104
30,264
30,176
30,95
30,78
30,517
30,384
30,525
30,413
30,288
30,191
30,172
30,123
30,458
30,328
30,247
30,177
30,182
30,143
30,439
30,395
30,342
30,248
30,290
30,214
30,271
30,190
30,548
30,446
30,269
30,229
30,277
30,248
30,453
30,348
30,448
30,383
30,273
30,207
30,220
30,187
30,247
30,180
30,189
30,157
30,272
30,219
30,500
30,398
30,425
30,317
30,219
30,187
30,231
30,181
30,212
30,161
30,267
30,280
30,409
30,370
30,520
30,437
30,557
30,478
30,111
30,94
30,53
30,43
30,100
30,76
30,201
30,177
30,502
30,401
30,58
30,43
30,219
30,185
30,253
30,239
30,321
30,262
30,249
30,246
30,561
30,505
30,303
30,240
30,444
30,361
30,197
30,169
30,153
30,127
30,81
30,68
30,358
30,288
30,268
30,197
30,482
30,427
30,402
30,348
30,284
30,227
30,204
30,225
30,253
30,198
30,137
30,125
30,40
30,54
30,118
30,109
30,431
30,384
30,202
30,160
30,184
30,167
30,198
30,192
30,203
30,178
30,228
30,208
30,195
30,176
30,83
30,52
30,216
30,149
30,190
30,173
30,148
30,115
30,166
30,137
30,189
30,129
30,104
30,94
30,134
30,90
30,92
30,70
30,62
30,70
30,233
30,202
30,198
30,171
30,205
30,215
30,285
30,234
30,328
30,246
30,182
30,134
30,117
30,82
30,102
30,95
30,83
30,63
30,118
30,70
30,151
30,124
30,138
30,120
30,93
30,105
30,109
30,97
30,84
30,43
30,88
30,47
30,77
30,63
30,148
30,142
30,232
30,190
30,133
30,119
30,61
30,55
30,185
30,174
30,142
30,117
30,97
30,75
30,218
30,173
30,118
30,104
30,68
30,66
30,81
30,54
30,72
30,64
30,85
30,69
30,68
30,75
30,97
30,63
30,190
30,149
30,49
30,52
30,61
30,41
30,23
30,16
30,51
30,36
30,69
30,48
30,83
30,38
30,41
30,43
30,29
30,21
30,21
30,17
30,25
30,25
30,50
30,39
30,62
30,23
30,53
30,39
30,35
30,28
30,26
30,24
30,23
30,15
30,29
30,23
30,15
30,14
30,16
30,12
30,20
30,12
30,28
30,15
30,24
30,13
30,22
30,18
30,12
30,9
30,10
30,4
30,20
30,5
30,17
30,11
30,21
30,9
30,19
30,10
30,10
30,13
30,19
30,6
30,13
30,4
30,13
30,7
30,25
30,8
30,14
30,10
30,7
30,2
30,9
30,2
30,11
30,7
30,14
30,4
30,24
30,19
30,37
30,26
30,31
30,25
30,23
30,14
30,21
30,8
30,25
30,10
30,38
30,19
30,26
30,8
30,34
30,29
30,16
30,7
30,10
30,3
30,8
30,6
30,16
30,3
30,13
30,14
30,32
30,21
30,33
30,16
30,36
30,22
30,22
30,23
30,19
30,14
30,24
30,20
30,37
30,15
30,46
30,32
30,34
30,17
30,21
30,10
30,31
30,17
30,14
30,14
30,11
30,6
30,21
30,12
30,25
30,17
30,36
30,8
30,46
30,11
30,22
30,7
30,21
30,7
30,15
30,6
30,12
30,7
30,12
30,3
30,15
30,5
30,24
30,7
30,17
30,6
30,16
30,4
30,16
30,8
30,14
30,6
30,15
30,6
30,21
30,8
30,37
30,10
30,18
30,19
30,19
30,6
30,23
30,11
30,24
30,16
30,29
30,21
30,46
30,27
30,40
30,20
30,35
30,20
30,29
30,18
30,46
30,16
30,57
30,32
30,34
30,31
30,39
30,29
30,22
30,12
30,39
30,9
30,29
30,18
30,43
30,18
30,56
30,28
30,38
30,21
30,30
30,19
30,18
30,17
30,35
30,17
30,47
30,23
30,34
30,24
30,71
30,42
30,62
30,36
30,104
30,82
30,111
30,78
30,64
30,42
30,109
30,56
30,103
30,61
30,118
30,97
30,112
30,64
30,174
30,108
30,108
30,89
30,117
30,98
30,156
30,78
30,180
30,93
30,113
30,77
30,92
30,55
30,214
30,155
30,275
30,247
30,204
30,153
30,162
30,106
30,181
30,141
30,213
30,141
30,221
30,125
30,332
30,250
30,365
30,269
30,226
30,162
30,209
30,168
30,153
30,101
30,249
30,182
30,211
30,178
30,439
30,361
30,362
30,259
30,272
30,181
30,136
30,117
30,153
30,104
30,254
30,183
30,654
30,489
30,583
30,520
30,569
30,533
30,316
30,270
30,440
30,362
30,309
30,363
30,283
30,266
30,357
30,354
30,156
30,115
30,404
30,299
30,263
30,181
30,203
30,178
30,207
30,151
30,231
30,159
30,249
30,201
30,411
30,282
30,407
30,330
30,316
30,215
30,298
30,234
30,285
30,205
30,206
30,163
30,334
30,250
30,562
30,466
30,459
30,389
30,325
30,248
30,244
30,214
30,233
30,216
30,267
30,222
30,218
30,150
30,355
30,295
30,393
30,288
30,256
30,195
30,141
30,100
30,230
30,196
30,319
30,235
30,493
30,361
30,457
30,334
30,316
30,233
30,252
30,167
30,239
30,190
30,218
30,173
30,103
30,94
30,310
30,263
30,360
30,260
30,175
30,137
30,111
30,103
30,97
30,67
30,177
30,143
30,134
30,117
30,36
30,35
30,261
30,172
30,165
30,120
30,142
30,112
30,131
30,97
30,150
30,87
30,115
30,96
30,260
30,197
30,237
30,122
30,133
30,70
30,60
30,51
30,141
30,85
30,160
30,121
30,127
30,103
30,130
30,88
30,124
30,73
30,139
30,76
30,139
30,75
30,135
30,76
30,165
30,84
30,96
30,51
30,218
30,162
30,230
30,151
30,62
30,54
30,153
30,87
30,139
30,75
30,118
30,77
30,111
30,75
30,86
30,55
30,84
30,70
30,119
30,66
30,132
30,83
30,166
30,90
30,111
30,65
30,150
30,91
30,157
30,120
30,69
30,39
30,135
30,71
30,142
30,71
30,140
30,95
30,131
30,84
30,39
30,28
30,92
30,62
30,121
30,71
30,82
30,53
30,6
30,6
30,1
30,48
30,43
30,1
30,197
30,123
30,2
30,2
30,74
30,56
30,3
30,1
30,74
30,53
30,7
30,6
30,196
30,158
30,1
30,3
30,190
30,127
30,3
30,3
30,210
30,133
30,3
30,3
30,199
30,162
30,1
30,2
30,177
30,127
30,4
30,3
30,99
30,65
30,3
30,4
30,227
30,164
30,6
30,4
30,194
30,144
30,1
30,1
30,240
30,179
30,4
30,1
30,225
30,169
30,3
30,2
30,239
30,192
30,4
30,3
30,253
30,187
30,5
30,9
30,262
30,189
30,6
30,6
30,345
30,254
30,7
30,10
30,361
30,265
30,5
30,3
30,250
30,174
30,1
30,192
30,162
30,1
30,2
30,223
30,155
30,4
30,2
30,235
30,193
30,3
30,3
30,220
30,173
30,5
30,7
30,418
30,299
30,2
30,1
30,388
30,278
30,4
30,1
30,205
30,165
30,1
30,184
30,142
30,1
30,101
30,68
30,3
30,202
30,149
30,1
30,3
30,258
30,225
30,9
30,8
30,411
30,318
30,8
30,4
30,368
30,280
30,5
30,4
30,174
30,136
30,4
30,7
30,191
30,144
30,2
30,7
30,191
30,134
30,6
30,5
30,177
30,132
30,5
30,6
30,197
30,147
30,12
30,8
30,377
30,278
30,6
30,9
30,353
30,248
30,2
30,3
30,212
30,165
30,4
30,4
30,138
30,153
30,1
30,195
30,151
30,1
30,7
30,153
30,107
30,3
30,2
30,223
30,179
30,7
30,5
30,386
30,313
30,5
30,3
30,327
30,274
30,6
30,4
30,186
30,136
30,3
30,1
30,180
30,156
30,2
30,4
30,183
30,119
30,4
30,1
30,166
30,153
30,2
30,1
30,165
30,116
30,8
30,2
30,483
30,404
30,1
30,3
30,162
30,106
30,2
30,123
30,87
30,3
30,1
30,112
30,95
30,2
30,3
30,104
30,85
30,2
30,2
30,95
30,82
30,5
30,99
30,69
30,2
30,3
30,148
30,135
30,3
30,3
30,105
30,72
30,4
30,6
30,309
30,274
30,5
30,3
30,205
30,193
30,6
30,7
30,305
30,251
30,6
30,3
30,171
30,122
30,5
30,7
30,276
30,217
30,8
30,6
30,307
30,266
30,10
30,3
30,252
30,204
30,4
30,5
30,95
30,117
30,4
30,1
30,121
30,87
30,5
30,3
30,108
30,101
30,1
30,4
30,126
30,90
30,3
30,5
30,136
30,107
30,11
30,11
30,299
30,250
30,4
30,7
30,273
30,207
30,8
30,4
30,107
30,92
30,1
30,81
30,51
30,4
30,1
30,105
30,96
30,3
30,3
30,62
30,53
30,4
30,6
30,51
30,59
30,2
30,6
30,303
30,224
30,4
30,5
30,269
30,246
30,2
30,1
30,56
30,36
30,5
30,4
30,109
30,77
30,3
30,4
30,88
30,101
30,2
30,1
30,135
30,111
30,6
30,3
30,133
30,162
30,5
30,2
30,237
30,215
30,7
30,5
30,225
30,190
30,4
30,1
30,127
30,121
30,1
30,56
30,36
30,4
30,3
30,44
30,24
30,4
30,9
30,109
30,86
30,9
30,2
30,78
30,93
30,3
30,5
30,210
30,176
30,2
30,5
30,128
30,117
30,1
30,1
30,41
30,20
30,61
30,46
30,3
30,3
30,81
30,55
30,4
30,2
30,53
30,41
30,4
30,3
30,48
30,42
30,2
30,3
30,123
30,88
30,1
30,2
30,120
30,82
30,4
30,63
30,54
30,1
30,1
30,75
30,69
30,3
30,2
30,60
30,62
30,2
30,2
30,88
30,60
30,4
30,4
30,100
30,55
30,5
30,4
30,173
30,150
30,2
30,3
30,134
30,108
30,3
30,5
30,55
30,52
30,1
30,59
30,40
30,1
30,1
30,43
30,31
30,2
30,1
30,58
30,48
30,1
30,91
30,62
30,2
30,3
30,144
30,90
30,1
30,3
30,36
30,34
30,1
30,2
30,50
30,36
30,1
30,3
30,18
30,27
30,2
30,23
30,18
30,2
30,27
30,30
30,4
30,1
30,89
30,61
30,2
30,1
30,113
30,74
30,2
30,2
30,42
30,24
30,1
30,3
30,31
30,19
30,1
30,75
30,64
30,37
30,36
30,2
30,38
30,29
30,4
30,3
30,70
30,56
30,1
30,41
30,29
30,1
30,2
30,21
30,16
30,1
30,2
30,17
30,8
30,4
30,16
30,3
30,2
30,2
30,17
30,15
30,1
30,2
30,13
30,8
30,3
30,1
30,27
30,18
30,1
30,24
30,19
30,21
30,11
30,2
30,29
30,22
30,1
30,2
30,25
30,18
30,1
30,3
30,16
30,14
30,4
30,22
30,11
30,3
30,2
30,27
30,14
30,2
30,10
30,8
30,1
30,8
30,6
30,3
30,16
30,7
30,1
30,1
30,23
30,11
30,1
30,12
30,9
30,1
30,16
30,14
30,1
30,2
30,14
30,7
30,2
30,1
30,25
30,20
30,3
30,26
30,6
30,1
30,12
30,9
30,1
30,13
30,6
30,1
30,10
30,8
30,2
30,1
30,6
30,4
30,1
30,2
30,1
30,11
30,13
30,2
30,13
30,4
30,1
30,13
30,2
30,1
30,8
30,7
30,5
30,2
30,6
30,1
30,6
30,4
30,5
30,5
30,2
30,11
30,2
30,1
30,18
30,2
30,3
30,12
30,9
30,2
30,9
30,7
30,14
30,7
30,3
30,12
30,7
30,8
30,1
30,1
30,6
30,5
30,12
30,5
30,1
30,1
30,10
30,10
30,1
30,13
30,4
30,3
30,24
30,9
30,2
30,34
30,33
30,1
30,1
30,45
30,26
30,2
30,31
30,13
30,20
30,12
30,3
30,23
30,11
30,3
30,2
30,23
30,19
30,4
30,3
30,23
30,20
30,4
30,5
30,36
30,16
20,227
20,247
20,405
20,487
20,197
20,223
20,846
20,980
20,849
20,1048
20,444
20,532
20,288
20,307
20,573
20,675
20,386
20,488
20,286
20,290
20,692
20,811
20,568
20,629
20,520
20,634
20,457
20,591
20,968
20,1266
20,501
20,719
20,523
20,693
20,909
20,1026
20,907
20,1109
20,528
20,679
20,480
20,672
20,437
20,561
20,281
20,402
20,449
20,685
20,872
20,989
20,835
20,974
20,473
20,566
20,406
20,520
20,381
20,568
20,357
20,456
20,678
20,933
20,969
20,1113
20,1127
20,1347
20,223
20,242
20,42
20,49
20,106
20,126
20,370
20,532
20,781
20,995
20,153
20,129
20,435
20,575
20,427
20,597
20,507
20,711
20,432
20,565
20,1153
20,1372
20,595
20,648
20,1002
20,1156
20,418
20,533
20,230
20,307
20,138
20,159
20,646
20,936
20,509
20,694
20,990
20,1254
20,864
20,1128
20,479
20,708
20,425
20,564
20,386
20,623
20,193
20,281
20,47
20,72
20,237
20,189
20,820
20,1049
20,343
20,511
20,337
20,477
20,311
20,469
20,350
20,460
20,330
20,457
20,345
20,452
20,155
20,162
20,388
20,476
20,390
20,523
20,303
20,324
20,254
20,346
20,359
20,442
20,152
20,159
20,232
20,255
20,126
20,159
20,78
20,99
20,482
20,625
20,366
20,534
20,508
20,718
20,619
20,706
20,662
20,855
20,412
20,528
20,326
20,350
20,238
20,307
20,182
20,209
20,186
20,199
20,380
20,391
20,298
20,336
20,207
20,270
20,169
20,205
20,71
20,78
20,108
20,143
20,121
20,140
20,280
20,332
20,491
20,686
20,266
20,388
20,131
20,156
20,445
20,676
20,269
20,396
20,205
20,257
20,410
20,450
20,239
20,312
20,144
20,164
20,96
20,136
20,122
20,159
20,162
20,262
20,169
20,248
20,112
20,185
20,430
20,538
20,112
20,110
20,100
20,109
20,46
20,49
20,94
20,84
20,138
20,149
20,140
20,158
20,100
20,109
20,62
20,59
20,63
20,66
20,67
20,78
20,79
20,84
20,99
20,103
20,68
20,104
20,56
20,69
20,50
20,66
20,48
20,48
20,63
20,64
20,45
20,42
20,30
20,21
20,14
20,30
20,47
20,29
20,34
20,39
20,38
20,37
20,27
20,22
20,12
20,17
20,22
20,21
20,14
20,23
20,36
20,24
20,39
20,33
20,25
20,27
20,22
20,23
20,18
20,19
20,23
20,15
20,28
20,26
20,19
20,20
20,12
20,7
20,12
20,14
20,17
20,14
20,21
20,13
20,28
20,33
20,70
20,52
20,65
20,62
20,60
20,45
20,51
20,37
20,59
20,53
20,40
20,47
20,61
20,49
20,66
20,51
20,18
20,20
20,20
20,14
20,28
20,13
20,21
20,24
20,40
20,35
20,41
20,32
20,69
20,72
20,43
20,34
20,43
20,35
20,41
20,32
20,35
20,34
20,74
20,39
20,81
20,58
20,52
20,36
20,41
20,31
20,56
20,30
20,45
20,22
20,29
20,17
20,35
20,20
20,49
20,25
20,53
20,21
20,119
20,54
20,39
20,30
20,27
20,20
20,22
20,7
20,16
20,9
20,15
20,14
20,28
20,18
20,35
20,17
20,29
20,20
20,27
20,16
20,9
20,12
20,17
20,11
20,19
20,16
20,50
20,41
20,63
20,52
20,29
20,19
20,46
20,44
20,31
20,35
20,26
20,31
20,51
20,38
20,91
20,72
20,77
20,72
20,54
20,34
20,44
20,31
20,51
20,38
20,94
20,65
20,52
20,56
20,95
20,62
20,45
20,31
20,49
20,30
20,42
20,42
20,70
20,46
20,57
20,50
20,58
20,35
20,47
20,57
20,57
20,53
20,64
20,59
20,67
20,52
20,59
20,62
20,109
20,64
20,89
20,96
20,172
20,173
20,172
20,166
20,89
20,84
20,166
20,159
20,162
20,152
20,189
20,215
20,192
20,206
20,289
20,300
20,221
20,244
20,196
20,190
20,194
20,213
20,227
20,241
20,170
20,167
20,132
20,163
20,398
20,377
20,617
20,634
20,375
20,362
20,267
20,315
20,214
20,322
20,303
20,354
20,325
20,348
20,586
20,637
20,660
20,701
20,363
20,489
20,350
20,399
20,199
20,223
20,318
20,407
20,335
20,396
20,637
20,771
20,615
20,671
20,320
20,393
20,239
20,253
20,230
20,284
20,359
20,473
20,960
20,1282
20,1123
20,1414
20,1077
20,1415
20,589
20,672
20,709
20,943
20,622
20,869
20,565
20,735
20,771
20,936
20,298
20,306
20,897
20,959
20,457
20,541
20,404
20,482
20,370
20,449
20,409
20,480
20,505
20,692
20,854
20,1076
20,917
20,1056
20,526
20,710
20,493
20,674
20,497
20,680
20,265
20,385
20,543
20,790
20,1051
20,1345
20,1050
20,1294
20,621
20,846
20,507
20,693
20,479
20,669
20,503
20,639
20,392
20,474
20,682
20,710
20,872
20,1032
20,528
20,714
20,221
20,279
20,435
20,550
20,564
20,841
20,999
20,1270
20,973
20,1251
20,619
20,879
20,500
20,699
20,521
20,673
20,547
20,739
20,179
20,228
20,675
20,809
20,708
20,933
20,391
20,469
20,186
20,212
20,143
20,173
20,368
20,431
20,251
20,337
20,60
20,74
20,390
20,489
20,312
20,363
20,230
20,284
20,253
20,303
20,131
20,123
20,217
20,249
20,539
20,623
20,453
20,475
20,233
20,257
20,104
20,102
20,268
20,310
20,326
20,389
20,262
20,285
20,257
20,286
20,213
20,265
20,233
20,279
20,265
20,282
20,242
20,286
20,283
20,321
20,234
20,219
20,401
20,454
20,381
20,445
20,125
20,152
20,230
20,238
20,281
20,322
20,250
20,253
20,195
20,208
20,159
20,167
20,202
20,196
20,206
20,225
20,247
20,270
20,269
20,313
20,229
20,293
20,274
20,324
20,265
20,350
20,84
20,112
20,244
20,242
20,260
20,318
20,234
20,294
20,228
20,268
20,49
20,43
20,167
20,127
20,172
20,171
20,87
20,104
20,6
20,9
20,3
20,1
20,78
20,70
20,4
20,8
20,305
20,371
20,4
20,1
20,149
20,171
20,4
20,4
20,91
20,96
20,3
20,9
20,382
20,411
20,5
20,12
20,413
20,404
20,5
20,2
20,388
20,460
20,2
20,5
20,370
20,403
20,10
20,13
20,301
20,393
20,7
20,6
20,226
20,229
20,7
20,4
20,302
20,356
20,1
20,7
20,356
20,338
20,7
20,7
20,435
20,496
20,5
20,12
20,433
20,541
20,10
20,397
20,520
20,9
20,12
20,313
20,472
20,3
20,14
20,384
20,500
20,2
20,8
20,614
20,668
20,12
20,5
20,624
20,679
20,4
20,10
20,322
20,433
20,5
20,5
20,342
20,416
20,6
20,290
20,414
20,2
20,7
20,297
20,396
20,6
20,3
20,332
20,460
20,10
20,14
20,660
20,768
20,7
20,8
20,620
20,854
20,9
20,7
20,327
20,387
20,2
20,7
20,289
20,390
20,1
20,149
20,185
20,6
20,4
20,217
20,259
20,13
20,9
20,443
20,619
20,8
20,19
20,709
20,856
20,7
20,10
20,683
20,840
20,6
20,14
20,337
20,350
20,3
20,6
20,301
20,419
20,4
20,14
20,299
20,433
20,7
20,10
20,291
20,391
20,20
20,4
20,340
20,476
20,12
20,17
20,643
20,797
20,13
20,11
20,700
20,805
20,7
20,7
20,389
20,501
20,4
20,3
20,288
20,377
20,3
20,5
20,282
20,422
20,3
20,3
20,165
20,244
20,6
20,5
20,370
20,545
20,10
20,17
20,687
20,1012
20,4
20,8
20,643
20,820
20,5
20,10
20,331
20,529
20,3
20,9
20,276
20,429
20,5
20,3
20,270
20,439
20,2
20,7
20,241
20,385
20,2
20,5
20,261
20,354
20,11
20,3
20,819
20,1158
20,1
20,6
20,294
20,382
20,4
20,5
20,231
20,318
20,3
20,5
20,224
20,320
20,2
20,3
20,195
20,248
20,3
20,4
20,150
20,205
20,2
20,6
20,195
20,259
20,5
20,8
20,333
20,356
20,6
20,12
20,270
20,261
20,10
20,13
20,614
20,790
20,8
20,11
20,477
20,675
20,15
20,9
20,668
20,1047
20,8
20,12
20,319
20,456
20,8
20,13
20,455
20,787
20,10
20,18
20,597
20,850
20,6
20,13
20,584
20,824
20,6
20,10
20,279
20,413
20,1
20,7
20,206
20,336
20,5
20,11
20,212
20,404
20,5
20,9
20,191
20,282
20,8
20,10
20,246
20,353
20,3
20,23
20,503
20,751
20,12
20,9
20,472
20,713
20,10
20,10
20,216
20,288
20,2
20,5
20,141
20,173
20,4
20,6
20,163
20,301
20,1
20,9
20,77
20,125
20,3
20,6
20,111
20,128
20,13
20,16
20,494
20,693
20,3
20,8
20,502
20,668
20,1
20,6
20,86
20,80
20,3
20,7
20,144
20,253
20,8
20,5
20,191
20,259
20,3
20,5
20,225
20,343
20,4
20,8
20,340
20,521
20,3
20,8
20,472
20,627
20,4
20,12
20,425
20,566
20,10
20,10
20,288
20,450
20,3
20,11
20,108
20,99
20,1
20,3
20,37
20,45
20,7
20,8
20,226
20,316
20,1
20,13
20,194
20,262
20,6
20,16
20,428
20,559
20,6
20,9
20,228
20,298
20,3
20,3
20,58
20,68
20,6
20,10
20,159
20,201
20,6
20,2
20,130
20,161
20,2
20,2
20,95
20,129
20,2
20,5
20,73
20,85
20,2
20,5
20,194
20,257
20,6
20,8
20,201
20,271
20,6
20,4
20,169
20,211
20,2
20,2
20,141
20,179
20,3
20,3
20,119
20,153
20,2
20,4
20,113
20,137
20,1
20,7
20,128
20,166
20,5
20,12
20,435
20,471
20,5
20,2
20,326
20,393
20,6
20,6
20,152
20,202
20,2
20,4
20,92
20,122
20,1
20,4
20,78
20,119
20,5
20,5
20,110
20,129
20,5
20,5
20,184
20,248
20,2
20,7
20,324
20,372
20,1
20,94
20,137
20,1
20,4
20,49
20,75
20,1
20,1
20,24
20,45
20,1
20,45
20,54
20,1
20,3
20,50
20,54
20,7
20,6
20,144
20,188
20,3
20,8
20,241
20,275
20,4
20,5
20,91
20,118
20,1
20,2
20,59
20,89
20,2
20,4
20,108
20,133
20,2
20,3
20,128
20,141
20,2
20,3
20,112
20,106
20,3
20,3
20,115
20,156
20,1
20,1
20,90
20,92
20,1
20,1
20,42
20,37
20,2
20,1
20,31
20,22
20,1
20,12
20,11
20,1
20,1
20,44
20,51
20,1
20,1
20,33
20,25
20,2
20,2
20,39
20,28
20,2
20,1
20,46
20,39
20,42
20,48
20,2
20,66
20,55
20,4
20,1
20,54
20,49
20,2
20,1
20,54
20,26
20,1
20,1
20,41
20,33
20,1
20,1
20,49
20,52
20,2
20,24
20,26
20,1
20,2
20,12
20,13
20,1
20,1
20,27
20,24
20,2
20,38
20,21
20,3
20,32
20,29
20,1
20,1
20,37
20,36
20,1
20,1
20,24
20,22
20,1
20,4
20,56
20,53
20,2
20,45
20,34
20,1
20,37
20,30
20,1
20,3
20,36
20,39
20,1
20,1
20,21
20,20
20,24
20,11
20,1
20,1
20,18
20,9
20,1
20,41
20,21
20,2
20,20
20,17
20,2
20,16
20,13
20,1
20,16
20,17
20,10
20,5
20,1
20,6
20,11
20,12
20,4
20,6
20,4
20,1
20,2
20,10
20,12
20,2
20,26
20,27
20,4
20,25
20,22
20,2
20,19
20,20
20,1
20,5
20,21
20,28
20,1
20,1
20,21
20,14
20,1
20,7
20,5
20,4
20,18
20,5
20,16
20,20
20,2
20,2
20,17
20,18
20,1
20,2
20,26
20,22
20,4
20,28
20,46
20,14
20,2
20,82
20,77
20,1
20,2
20,99
20,77
20,2
20,3
20,57
20,60
20,2
20,1
20,50
20,49
20,6
20,5
20,41
20,42
20,4
20,1
20,58
20,47
20,1
20,4
20,45
20,37
20,2
20,58
20,53
